"datum","titel","spielstaette","offizielle_url"
"2026-09-15T19:00:00+02:00","Ballett extra: Talk im Salon Luitpold – Neue Ensemblemitglieder stellen sich vor","Salon Luitpold","https://www.staatsoper.de/stuecke/ballett-extra/2026-09-15-1900-16684"
"2026-09-16T19:00:00+02:00","Oper für alle: BMW Classics Konzert","BMW Park","https://www.staatsoper.de/stuecke/oper-fuer-alle-bmw-classics-konzert-2026/2026-09-16-1900-16460"
"2026-09-19T11:00:00+02:00","UniCredit Eröffnungsfest","Nationaltheater UniCredit Eröffnungsfest","https://www.staatsoper.de/stuecke/unicredit-eroeffnungsfest/2026-09-19-1130-16459"
"2026-09-19T11:30:00+02:00","Ballett-Kurzführungen","Ballett-Probenhaus Platzl 7","https://www.staatsoper.de/stuecke/ballett-kurzfuehrungen/2026-09-19-1130-16640"
"2026-09-19T12:15:00+02:00","Ballett-Kurzführungen","Ballett-Probenhaus Platzl 7","https://www.staatsoper.de/stuecke/ballett-kurzfuehrungen/2026-09-19-1215-16641"
"2026-09-19T13:00:00+02:00","Ballett-Kurzführungen","Ballett-Probenhaus Platzl 7","https://www.staatsoper.de/stuecke/ballett-kurzfuehrungen/2026-09-19-1300-16642"
"2026-09-19T13:45:00+02:00","Ballett-Kurzführungen","Ballett-Probenhaus Platzl 7","https://www.staatsoper.de/stuecke/ballett-kurzfuehrungen/2026-09-19-1345-16643"
"2026-09-19T14:30:00+02:00","Ballett-Kurzführungen","Ballett-Probenhaus Platzl 7","https://www.staatsoper.de/stuecke/ballett-kurzfuehrungen/2026-09-19-1430-16644"
"2026-09-19T15:15:00+02:00","Ballett-Kurzführungen","Ballett-Probenhaus Platzl 7","https://www.staatsoper.de/stuecke/ballett-kurzfuehrungen/2026-09-19-1515-16645"
"2026-09-19T17:15:00+02:00","Kindereinführung - La Cenerentola","Freunde-Foyer","https://www.staatsoper.de/stuecke/kindereinfuehrung/2026-09-19-1715-16486"
"2026-09-20T17:15:00+02:00","Kindereinführung - Die Kameliendame","Königssaal im Nationaltheater","https://www.staatsoper.de/stuecke/kindereinfuehrung/2026-09-20-1715-16487"
"2026-10-02T11:00:00+02:00","Apollon Foyers","Vorderhaus Nationaltheater","https://www.staatsoper.de/stuecke/apollon-foyers/2026-10-02-1100-16689"
"2026-10-02T19:30:00+02:00","ILLUSIONEN - WIE SCHWANENSEE (Gastspiel in Baden-Baden)","Baden-Baden","https://www.staatsoper.de/stuecke/illusionen-wie-schwanensee/2026-10-02-1930-16100"
"2026-10-03T14:00:00+02:00","Kinderführung „Abenteuer Oper""","Freunde-Foyer (Eingang Nord, Alfons-Goppel-Straße)","https://www.staatsoper.de/stuecke/kinderfuehrung-durch-das-nationaltheater-abenteuer-oper/2026-10-03-1400-16646"
"2026-10-03T14:00:00+02:00","Führung","Freunde-Foyer (Eingang Nord, Alfons-Goppel-Straße)Führung Preise PG15/7 , € 15","https://www.staatsoper.de/stuecke/fuehrung/2026-10-03-1400-16652"
"2026-10-03T19:30:00+02:00","ILLUSIONEN - WIE SCHWANENSEE (Gastspiel in Baden-Baden)","Baden-Baden","https://www.staatsoper.de/stuecke/illusionen-wie-schwanensee/2026-10-03-1930-16102"
"2026-10-04T14:00:00+02:00","Workshop - Die Kameliendame","Ballett-Probenhaus Platzl 7","https://www.staatsoper.de/stuecke/einfuehrungsworkshop/2026-10-04-1400-16392"
"2026-10-04T15:00:00+02:00","ILLUSIONEN - WIE SCHWANENSEE (Gastspiel in Baden-Baden)","Baden-Baden","https://www.staatsoper.de/stuecke/illusionen-wie-schwanensee/2026-10-04-1500-16103"
"2026-10-08T14:00:00+02:00","Ballettführung – Platzl spezial","Freunde-Foyer (Eingang Nord, Alfons-Goppel-Straße)","https://www.staatsoper.de/stuecke/ballett-fuehrung/2026-10-08-1400-16672"
"2026-10-09T11:00:00+02:00","Apollon Foyers","Vorderhaus Nationaltheater","https://www.staatsoper.de/stuecke/apollon-foyers/2026-10-09-1100-16690"
"2026-10-09T18:45:00+02:00","Kindereinführung - Die Kameliendame","Königssaal im Nationaltheater","https://www.staatsoper.de/stuecke/kindereinfuehrung/2026-10-09-1845-16488"
"2026-10-10T14:00:00+02:00","Guided tour of the Nationaltheater","Freunde-Foyer (Eingang Nord, Alfons-Goppel-Straße)","https://www.staatsoper.de/stuecke/guided-tour-of-the-national-theatre/2026-10-10-1400-16649"
"2026-10-10T14:00:00+02:00","Führung","Freunde-Foyer (Eingang Nord, Alfons-Goppel-Straße)Führung Preise PG15/7 , € 15","https://www.staatsoper.de/stuecke/fuehrung/2026-10-10-1400-16653"
"2026-10-16T11:00:00+02:00","Apollon Foyers","Vorderhaus Nationaltheater","https://www.staatsoper.de/stuecke/apollon-foyers/2026-10-16-1100-16691"
"2026-10-17T14:00:00+02:00","Kinderführung „Abenteuer Oper""","Freunde-Foyer (Eingang Nord, Alfons-Goppel-Straße)","https://www.staatsoper.de/stuecke/kinderfuehrung-durch-das-nationaltheater-abenteuer-oper/2026-10-17-1400-16647"
"2026-10-17T14:00:00+02:00","Führung","Freunde-Foyer (Eingang Nord, Alfons-Goppel-Straße)Führung Preise PG15/7 , € 15","https://www.staatsoper.de/stuecke/fuehrung/2026-10-17-1400-16654"
"2026-10-18T10:00:00+02:00","Workshop - Macht Theater","Große Probebühne","https://www.staatsoper.de/stuecke/einfuehrungsworkshop/2026-10-18-1000-16639"
"2026-10-18T11:00:00+02:00","Kinderkonzert: Tierische Begegnungen","Parkettgarderobe, Nationaltheater","https://www.staatsoper.de/stuecke/kinderkonzert-brillenschlange-ferdinand-und-grabowski/2026-10-18-1100-16393"
"2026-10-18T14:00:00+02:00","Kinderkonzert: Tierische Begegnungen","Parkettgarderobe, Nationaltheater","https://www.staatsoper.de/stuecke/kinderkonzert-brillenschlange-ferdinand-und-grabowski/2026-10-18-1400-16394"
"2026-10-20T11:00:00+02:00","Kinderkonzert: Tierische Begegnungen","Parkettgarderobe, Nationaltheater","https://www.staatsoper.de/stuecke/kinderkonzert-brillenschlange-ferdinand-und-grabowski/2026-10-20-1100-16395"
"2026-10-21T11:00:00+02:00","Kinderkonzert: Tierische Begegnungen","Parkettgarderobe, Nationaltheater","https://www.staatsoper.de/stuecke/kinderkonzert-brillenschlange-ferdinand-und-grabowski/2026-10-21-1100-16396"
"2026-10-21T14:00:00+02:00","Guided tour of the Nationaltheater","Freunde-Foyer (Eingang Nord, Alfons-Goppel-Straße)","https://www.staatsoper.de/stuecke/guided-tour-of-the-national-theatre/2026-10-21-1400-16650"
"2026-10-21T14:00:00+02:00","Führung","Freunde-Foyer (Eingang Nord, Alfons-Goppel-Straße)Führung Preise PG15/7 , € 15","https://www.staatsoper.de/stuecke/fuehrung/2026-10-21-1400-16655"
"2026-10-22T11:00:00+02:00","Kinderkonzert: Tierische Begegnungen","Parkettgarderobe, Nationaltheater","https://www.staatsoper.de/stuecke/kinderkonzert-brillenschlange-ferdinand-und-grabowski/2026-10-22-1100-16397"
"2026-10-23T11:00:00+02:00","Apollon Foyers","Vorderhaus Nationaltheater","https://www.staatsoper.de/stuecke/apollon-foyers/2026-10-23-1100-16692"
"2026-10-23T14:00:00+02:00","Workshop - Stimme & Gesang (für Pädagog:innen)","Große Probebühne","https://www.staatsoper.de/stuecke/einfuehrungsworkshop/2026-10-23-1400-16381"
"2026-10-24T10:00:00+02:00","Workshop - Stimme & Gesang (für Erwachsene)","Große Probebühne","https://www.staatsoper.de/stuecke/einfuehrungsworkshop/2026-10-24-1000-16382"
"2026-10-24T14:00:00+02:00","Kinderführung „Abenteuer Oper""","Freunde-Foyer (Eingang Nord, Alfons-Goppel-Straße)","https://www.staatsoper.de/stuecke/kinderfuehrung-durch-das-nationaltheater-abenteuer-oper/2026-10-24-1400-16648"
"2026-10-24T14:00:00+02:00","Führung","Freunde-Foyer (Eingang Nord, Alfons-Goppel-Straße)Führung Preise PG15/7 , € 15","https://www.staatsoper.de/stuecke/fuehrung/2026-10-24-1400-16656"
"2026-10-27T14:00:00+01:00","Führung","Freunde-Foyer (Eingang Nord, Alfons-Goppel-Straße)Führung Preise PG15/7 , € 15","https://www.staatsoper.de/stuecke/fuehrung/2026-10-27-1400-16657"
"2026-10-30T11:00:00+01:00","Apollon Foyers","Vorderhaus Nationaltheater","https://www.staatsoper.de/stuecke/apollon-foyers/2026-10-30-1100-16693"
"2026-10-30T18:45:00+01:00","Kindereinführung - Common Ground","Königssaal im Nationaltheater","https://www.staatsoper.de/stuecke/kindereinfuehrung/2026-10-30-1845-16489"
"2026-10-31T14:00:00+01:00","Guided tour of the Nationaltheater","Freunde-Foyer (Eingang Nord, Alfons-Goppel-Straße)","https://www.staatsoper.de/stuecke/guided-tour-of-the-national-theatre/2026-10-31-1400-16651"
"2026-10-31T14:00:00+01:00","Führung","Freunde-Foyer (Eingang Nord, Alfons-Goppel-Straße)Führung Preise PG15/7 , € 15","https://www.staatsoper.de/stuecke/fuehrung/2026-10-31-1400-16658"
"2026-10-31T18:15:00+01:00","Kindereinführung - Un ballo in maschera","Königssaal im Nationaltheater","https://www.staatsoper.de/stuecke/kindereinfuehrung/2026-10-31-1815-16490"
"2026-11-03T14:00:00+01:00","Führung","Freunde-Foyer (Eingang Nord, Alfons-Goppel-Straße)Führung Preise PG15/7 , € 15","https://www.staatsoper.de/stuecke/fuehrung/2026-11-03-1400-16665"
"2026-11-06T11:00:00+01:00","Apollon Foyers","Vorderhaus Nationaltheater","https://www.staatsoper.de/stuecke/apollon-foyers/2026-11-06-1100-16694"
"2026-11-06T14:00:00+01:00","Guided tour of the Nationaltheater","Freunde-Foyer (Eingang Nord, Alfons-Goppel-Straße)","https://www.staatsoper.de/stuecke/guided-tour-of-the-national-theatre/2026-11-06-1400-16662"
"2026-11-06T14:00:00+01:00","Führung","Freunde-Foyer (Eingang Nord, Alfons-Goppel-Straße)Führung Preise PG15/7 , € 15","https://www.staatsoper.de/stuecke/fuehrung/2026-11-06-1400-16666"
"2026-11-08T14:00:00+01:00","Workshop ""Tanz und Kraft"" (nur für Jungs)","Ballett-Probenhaus Platzl 7","https://www.staatsoper.de/stuecke/einfuehrungsworkshop/2026-11-08-1400-16398"
"2026-11-08T14:00:00+01:00","Kinderführung „Abenteuer Oper""","Freunde-Foyer (Eingang Nord, Alfons-Goppel-Straße)","https://www.staatsoper.de/stuecke/kinderfuehrung-durch-das-nationaltheater-abenteuer-oper/2026-11-08-1400-16659"
"2026-11-08T14:00:00+01:00","Führung","Freunde-Foyer (Eingang Nord, Alfons-Goppel-Straße)Führung Preise PG15/7 , € 15","https://www.staatsoper.de/stuecke/fuehrung/2026-11-08-1400-16667"
"2026-11-10T19:00:00+01:00","Ballett extra: Ein Abend zu Edward Clugs Ballett CARPATHIA – Der Mythos der Untoten","Cranko-Saal","https://www.staatsoper.de/stuecke/ballett-extra/2026-11-10-1900-16554"
"2026-11-13T11:00:00+01:00","Apollon Foyers","Vorderhaus Nationaltheater","https://www.staatsoper.de/stuecke/apollon-foyers/2026-11-13-1100-16695"
"2026-11-13T14:00:00+01:00","Guided tour of the Nationaltheater","Freunde-Foyer (Eingang Nord, Alfons-Goppel-Straße)","https://www.staatsoper.de/stuecke/guided-tour-of-the-national-theatre/2026-11-13-1400-16663"
"2026-11-13T14:00:00+01:00","Führung","Freunde-Foyer (Eingang Nord, Alfons-Goppel-Straße)Führung Preise PG15/7 , € 15","https://www.staatsoper.de/stuecke/fuehrung/2026-11-13-1400-16668"
"2026-11-14T10:00:00+01:00","Workshop - Die Zauberflöte","Capriccio-Saal","https://www.staatsoper.de/stuecke/einfuehrungsworkshop/2026-11-14-1000-16399"
"2026-11-15T14:00:00+01:00","Kinderführung „Abenteuer Oper""","Freunde-Foyer (Eingang Nord, Alfons-Goppel-Straße)","https://www.staatsoper.de/stuecke/kinderfuehrung-durch-das-nationaltheater-abenteuer-oper/2026-11-15-1400-16660"
"2026-11-15T14:00:00+01:00","Führung","Freunde-Foyer (Eingang Nord, Alfons-Goppel-Straße)Führung Preise PG15/7 , € 15","https://www.staatsoper.de/stuecke/fuehrung/2026-11-15-1400-16669"
"2026-11-16T11:00:00+01:00","Kinderkonzert: Die Weltraum-Oma","Parkettgarderobe, Nationaltheater","https://www.staatsoper.de/stuecke/kinderkonzert-die-weltraum-oma/2026-11-16-1100-16400"
"2026-11-17T14:00:00+01:00","Ballettführung – Platzl spezial","Freunde-Foyer (Eingang Nord, Alfons-Goppel-Straße)","https://www.staatsoper.de/stuecke/ballett-fuehrung/2026-11-17-1400-16673"
"2026-11-18T11:00:00+01:00","Kinderkonzert: Die Weltraum-Oma","Parkettgarderobe, Nationaltheater","https://www.staatsoper.de/stuecke/kinderkonzert-die-weltraum-oma/2026-11-18-1100-16401"
"2026-11-18T20:00:00+01:00","Königin(nen)","Königssaal im Nationaltheater","https://www.staatsoper.de/stuecke/koeniginnen/2026-11-18-2000-16461"
"2026-11-19T11:00:00+01:00","Kinderkonzert: Die Weltraum-Oma","Parkettgarderobe, Nationaltheater","https://www.staatsoper.de/stuecke/kinderkonzert-die-weltraum-oma/2026-11-19-1100-16402"
"2026-11-20T11:00:00+01:00","Apollon Foyers","Vorderhaus Nationaltheater","https://www.staatsoper.de/stuecke/apollon-foyers/2026-11-20-1100-16696"
"2026-11-21T10:00:00+01:00","Workshop - Die Zauberflöte","Capriccio-Saal","https://www.staatsoper.de/stuecke/einfuehrungsworkshop/2026-11-21-1000-16403"
"2026-11-21T11:00:00+01:00","Kinderkonzert: Die Weltraum-Oma","Parkettgarderobe, Nationaltheater","https://www.staatsoper.de/stuecke/kinderkonzert-die-weltraum-oma/2026-11-21-1100-16404"
"2026-11-21T14:00:00+01:00","Kinderkonzert: Die Weltraum-Oma","Parkettgarderobe, Nationaltheater","https://www.staatsoper.de/stuecke/kinderkonzert-die-weltraum-oma/2026-11-21-1400-16383"
"2026-11-22T14:00:00+01:00","Guided tour of the Nationaltheater","Freunde-Foyer (Eingang Nord, Alfons-Goppel-Straße)","https://www.staatsoper.de/stuecke/guided-tour-of-the-national-theatre/2026-11-22-1400-16664"
"2026-11-22T14:00:00+01:00","Führung","Freunde-Foyer (Eingang Nord, Alfons-Goppel-Straße)Führung Preise PG15/7 , € 15","https://www.staatsoper.de/stuecke/fuehrung/2026-11-22-1400-16670"
"2026-11-26T20:00:00+01:00","Königin(nen)","Königssaal im Nationaltheater","https://www.staatsoper.de/stuecke/koeniginnen/2026-11-26-2000-16462"
"2026-11-27T11:00:00+01:00","Apollon Foyers","Vorderhaus Nationaltheater","https://www.staatsoper.de/stuecke/apollon-foyers/2026-11-27-1100-16697"
"2026-11-28T14:00:00+01:00","Kinderführung „Abenteuer Oper""","Freunde-Foyer (Eingang Nord, Alfons-Goppel-Straße)","https://www.staatsoper.de/stuecke/kinderfuehrung-durch-das-nationaltheater-abenteuer-oper/2026-11-28-1400-16661"
"2026-11-28T14:00:00+01:00","Führung","Freunde-Foyer (Eingang Nord, Alfons-Goppel-Straße)Führung Preise PG15/7 , € 15","https://www.staatsoper.de/stuecke/fuehrung/2026-11-28-1400-16671"
"2026-11-29T15:15:00+01:00","Kindereinführung - Die Zauberflöte","Königssaal im Nationaltheater","https://www.staatsoper.de/stuecke/kindereinfuehrung/2026-11-29-1515-16491"
"2026-11-29T18:00:00+01:00","Ballett extra: Nosferatu – Eine Symphonie des Grauens (Friedrich Wilhelm Murnau, 1922)","Theatiner Filmkunst","https://www.staatsoper.de/stuecke/ballett-extra/2026-11-29-1800-16685"
"2026-12-01T14:00:00+01:00","Ballettführung – Platzl spezial","Freunde-Foyer (Eingang Nord, Alfons-Goppel-Straße)","https://www.staatsoper.de/stuecke/ballett-fuehrung/2026-12-01-1400-16674"
"2026-12-01T16:45:00+01:00","Führung Bayerisches Staatsorchester","Tageskasse (Marstallplatz 5)","https://www.staatsoper.de/stuecke/fuehrung-bayerisches-staatsorchester/2026-12-01-1645-16634"
"2026-12-01T19:00:00+01:00","Ballett extra: Talk im Salon Luitpold zu CARPATHIA – Der Mythos der Untoten","Salon Luitpold","https://www.staatsoper.de/stuecke/ballett-extra/2026-12-01-1900-16686"
"2026-12-02T20:00:00+01:00","Königin(nen)","Königssaal im Nationaltheater","https://www.staatsoper.de/stuecke/koeniginnen/2026-12-02-2000-16464"
"2026-12-04T11:00:00+01:00","Apollon Foyers","Vorderhaus Nationaltheater","https://www.staatsoper.de/stuecke/apollon-foyers/2026-12-04-1100-16698"
"2026-12-04T14:00:00+01:00","Workshop - Die Zauberflöte","Capriccio-Saal","https://www.staatsoper.de/stuecke/einfuehrungsworkshop/2026-12-04-1400-16405"
"2026-12-05T14:00:00+01:00","Kinderkonzert: Von Zwergen, Riesen, Menschen und Göttern","Parkettgarderobe, Nationaltheater","https://www.staatsoper.de/stuecke/kinderkonzert-von-zwergen-riesen-menschen-und-goettern/2026-12-05-1400-16406"
"2026-12-06T14:00:00+01:00","Workshop - Der Nussknacker","Ballett-Probenhaus Platzl 7","https://www.staatsoper.de/stuecke/einfuehrungsworkshop/2026-12-06-1400-16407"
"2026-12-06T16:15:00+01:00","Kindereinführung - Die Zauberflöte","Königssaal im Nationaltheater","https://www.staatsoper.de/stuecke/kindereinfuehrung/2026-12-06-1615-16492"
"2026-12-06T18:00:00+01:00","Ballett extra: Nosferatu – Phantom der Nacht (Werner Herzog, 1979)","Theatiner Filmkunst","https://www.staatsoper.de/stuecke/ballett-extra/2026-12-06-1800-16687"
"2026-12-07T11:00:00+01:00","Kinderkonzert: Von Zwergen, Riesen, Menschen und Göttern","Parkettgarderobe, Nationaltheater","https://www.staatsoper.de/stuecke/kinderkonzert-von-zwergen-riesen-menschen-und-goettern/2026-12-07-1100-16408"
"2026-12-08T11:00:00+01:00","Kinderkonzert: Von Zwergen, Riesen, Menschen und Göttern","Parkettgarderobe, Nationaltheater","https://www.staatsoper.de/stuecke/kinderkonzert-von-zwergen-riesen-menschen-und-goettern/2026-12-08-1100-16409"
"2026-12-10T11:00:00+01:00","Kinderkonzert: Von Zwergen, Riesen, Menschen und Göttern","Parkettgarderobe, Nationaltheater","https://www.staatsoper.de/stuecke/kinderkonzert-von-zwergen-riesen-menschen-und-goettern/2026-12-10-1100-16410"
"2026-12-10T19:30:00+01:00","Beyond Holy Night: Ein Weihnachtskonzert","Brainlab Firmenzentrale","https://www.staatsoper.de/stuecke/beyond-holy-night-ein-weihnachtskonzert-2/2026-12-10-1900-16449"
"2026-12-11T11:00:00+01:00","Apollon Foyers","Vorderhaus Nationaltheater","https://www.staatsoper.de/stuecke/apollon-foyers/2026-12-11-1100-16699"
"2026-12-12T14:00:00+01:00","Kinderkonzert: Von Zwergen, Riesen, Menschen und Göttern","Parkettgarderobe, Nationaltheater","https://www.staatsoper.de/stuecke/kinderkonzert-von-zwergen-riesen-menschen-und-goettern/2026-12-12-1400-16411"
"2026-12-12T18:45:00+01:00","Kindereinführung - Der Nussknacker","Königssaal im Nationaltheater","https://www.staatsoper.de/stuecke/kindereinfuehrung/2026-12-12-1845-16493"
"2026-12-12T19:30:00+01:00","Beyond Holy Night: Ein Weihnachtskonzert","Brainlab Firmenzentrale","https://www.staatsoper.de/stuecke/beyond-holy-night-ein-weihnachtskonzert-2/2026-12-12-1900-16450"
"2026-12-13T14:00:00+01:00","Workshop - Der Nussknacker","Ballett-Probenhaus Platzl 7","https://www.staatsoper.de/stuecke/einfuehrungsworkshop/2026-12-13-1400-16412"
"2026-12-13T18:00:00+01:00","LA TRAVIATA","Nationaltheater","https://www.staatsoper.de/stuecke/la-traviata/2026-12-13-1800-16164"
"2026-12-16T19:00:00+01:00","LA TRAVIATA","Nationaltheater","https://www.staatsoper.de/stuecke/la-traviata/2026-12-16-1900-16165"
"2026-12-18T11:00:00+01:00","Apollon Foyers","Vorderhaus Nationaltheater","https://www.staatsoper.de/stuecke/apollon-foyers/2026-12-18-1100-16700"
"2026-12-18T19:30:00+01:00","JUST LISTEN – Musiktheater für die Turnhalle","BMW Welt","https://www.staatsoper.de/stuecke/just-listen/2026-12-18-1930-16384"
"2026-12-19T19:30:00+01:00","JUST LISTEN – Musiktheater für die Turnhalle","BMW Welt","https://www.staatsoper.de/stuecke/just-listen/2026-12-19-1930-16413"
"2026-12-20T14:00:00+01:00","Workshop - Der Nussknacker","Ballett-Probenhaus Platzl 7","https://www.staatsoper.de/stuecke/einfuehrungsworkshop/2026-12-20-1400-16414"
"2026-12-25T14:15:00+01:00","Kindereinführung - Der Nussknacker","Königssaal im Nationaltheater","https://www.staatsoper.de/stuecke/kindereinfuehrung/2026-12-25-1415-16494"
"2026-12-25T15:00:00+01:00","DER NUSSKNACKER","Nationaltheater","https://www.staatsoper.de/stuecke/der-nussknacker/2026-12-25-1500-16530"
"2026-12-25T19:30:00+01:00","DER NUSSKNACKER","Nationaltheater","https://www.staatsoper.de/stuecke/der-nussknacker/2026-12-25-1800-16172"
"2026-12-26T17:15:00+01:00","Kindereinführung - Die Nacht vor Weihnachten","Königssaal im Nationaltheater","https://www.staatsoper.de/stuecke/kindereinfuehrung/2026-12-26-1715-16495"
"2026-12-28T19:30:00+01:00","DER NUSSKNACKER","Nationaltheater","https://www.staatsoper.de/stuecke/der-nussknacker/2026-12-28-1930-16175"
"2026-12-29T19:00:00+01:00","Die Nacht vor Weihnachten","Nationaltheater","https://www.staatsoper.de/stuecke/die-nacht-vor-weihnachten/2026-12-29-1900-16176"
"2026-12-30T19:00:00+01:00","Maria Stuarda","Nationaltheater","https://www.staatsoper.de/stuecke/maria-stuarda/2026-12-30-1900-16177"
"2027-01-01T17:15:00+01:00","Kindereinführung - Der Nussknacker","Königssaal im Nationaltheater","https://www.staatsoper.de/stuecke/kindereinfuehrung/2027-01-01-1715-16496"
"2027-01-01T18:00:00+01:00","DER NUSSKNACKER","Nationaltheater","https://www.staatsoper.de/stuecke/der-nussknacker/2027-01-01-1800-16179"
"2027-01-02T18:00:00+01:00","Maria Stuarda","Nationaltheater","https://www.staatsoper.de/stuecke/maria-stuarda/2027-01-02-1800-16180"
"2027-01-05T19:00:00+01:00","DIE FLEDERMAUS","Nationaltheater","https://www.staatsoper.de/stuecke/die-fledermaus/2027-01-05-1900-16182"
"2027-01-06T17:15:00+01:00","Kindereinführung - Der Nussknacker","Königssaal im Nationaltheater","https://www.staatsoper.de/stuecke/kindereinfuehrung/2027-01-06-1715-16497"
"2027-01-06T18:00:00+01:00","DER NUSSKNACKER","Nationaltheater","https://www.staatsoper.de/stuecke/der-nussknacker/2027-01-06-1800-16183"
"2027-01-07T19:00:00+01:00","DIE FLEDERMAUS","Nationaltheater","https://www.staatsoper.de/stuecke/die-fledermaus/2027-01-07-1900-16184"
"2027-01-08T11:00:00+01:00","Apollon Foyers","Vorderhaus Nationaltheater","https://www.staatsoper.de/stuecke/apollon-foyers/2027-01-08-1100-16701"
"2027-01-09T11:00:00+01:00","Das Vier-Farben-Land","Große Probebühne","https://www.staatsoper.de/stuecke/das-vier-farben-land/2027-01-09-1100-16415"
"2027-01-10T11:00:00+01:00","Das Vier-Farben-Land","Große Probebühne","https://www.staatsoper.de/stuecke/das-vier-farben-land/2027-01-10-1100-16416"
"2027-01-10T17:00:00+01:00","DIE FLEDERMAUS","Nationaltheater","https://www.staatsoper.de/stuecke/die-fledermaus/2027-01-10-1700-16531"
"2027-01-11T17:00:00+01:00","Das Vier-Farben-Land","Große Probebühne","https://www.staatsoper.de/stuecke/das-vier-farben-land/2027-01-11-1700-16417"
"2027-01-11T17:45:00+01:00","Führung Bayerisches Staatsorchester","Tageskasse (Marstallplatz 5)","https://www.staatsoper.de/stuecke/fuehrung-bayerisches-staatsorchester/2027-01-11-1745-16635"
"2027-01-12T11:00:00+01:00","Das Vier-Farben-Land","Große Probebühne","https://www.staatsoper.de/stuecke/das-vier-farben-land/2027-01-12-1100-16418"
"2027-01-13T11:00:00+01:00","Das Vier-Farben-Land","Große Probebühne","https://www.staatsoper.de/stuecke/das-vier-farben-land/2027-01-13-1100-16419"
"2027-01-13T18:00:00+01:00","Das Vier-Farben-Land","Große Probebühne","https://www.staatsoper.de/stuecke/das-vier-farben-land/2027-01-13-1800-16420"
"2027-01-14T11:00:00+01:00","Das Vier-Farben-Land","Große Probebühne","https://www.staatsoper.de/stuecke/das-vier-farben-land/2027-01-14-1100-16421"
"2027-01-15T11:00:00+01:00","Apollon Foyers","Vorderhaus Nationaltheater","https://www.staatsoper.de/stuecke/apollon-foyers/2027-01-15-1100-16702"
"2027-01-15T14:00:00+01:00","Workshop - Instrumental (für Pädagog:innen)","Capriccio-Saal","https://www.staatsoper.de/stuecke/einfuehrungsworkshop/2027-01-15-1400-16385"
"2027-01-15T14:00:00+01:00","Ballettführung – Platzl spezial","Freunde-Foyer (Eingang Nord, Alfons-Goppel-Straße)","https://www.staatsoper.de/stuecke/ballett-fuehrung/2027-01-15-1400-16675"
"2027-01-15T15:30:00+01:00","Das Vier-Farben-Land","Große Probebühne","https://www.staatsoper.de/stuecke/das-vier-farben-land/2027-01-15-1530-16422"
"2027-01-16T14:00:00+01:00","Workshop - Instrumental (für Erwachsene)","Capriccio-Saal","https://www.staatsoper.de/stuecke/einfuehrungsworkshop/2027-01-16-1400-16386"
"2027-01-16T18:45:00+01:00","Kindereinführung - Giselle","Königssaal im Nationaltheater","https://www.staatsoper.de/stuecke/kindereinfuehrung/2027-01-16-1845-16498"
"2027-01-16T19:30:00+01:00","Gastspielkonzert des Opernstudios","Aschaffenburg","https://www.staatsoper.de/stuecke/gastspielkonzert-des-opernstudios/2027-01-16-1930-16007"
"2027-01-16T19:30:00+01:00","GISELLE","Nationaltheater","https://www.staatsoper.de/stuecke/giselle/2027-01-16-1930-16190"
"2027-01-18T19:30:00+01:00","GISELLE","Nationaltheater","https://www.staatsoper.de/stuecke/giselle/2027-01-18-1930-16193"
"2027-01-20T19:00:00+01:00","Don Giovanni","Nationaltheater","https://www.staatsoper.de/stuecke/don-giovanni/2027-01-20-1900-16194"
"2027-01-22T11:00:00+01:00","Apollon Foyers","Vorderhaus Nationaltheater","https://www.staatsoper.de/stuecke/apollon-foyers/2027-01-22-1100-16703"
"2027-01-22T14:00:00+01:00","Workshop ""Singen und Bewegung"" (4-7 Jährige)","Capriccio-Saal","https://www.staatsoper.de/stuecke/einfuehrungsworkshop/2027-01-22-1400-16423"
"2027-01-22T16:00:00+01:00","Workshop ""Singen und Bewegung"" (6-10-Jährige)","Capriccio-Saal","https://www.staatsoper.de/stuecke/einfuehrungsworkshop/2027-01-22-1600-16424"
"2027-01-23T18:00:00+01:00","Don Giovanni","Nationaltheater","https://www.staatsoper.de/stuecke/don-giovanni/2027-01-23-1800-16195"
"2027-01-26T19:30:00+01:00","C A R P A T H I A","Nationaltheater","https://www.staatsoper.de/stuecke/c-a-r-p-a-t-h-i-a-der-mythos-der-untoten/2027-01-26-1930-16197"
"2027-01-28T19:30:00+01:00","C A R P A T H I A","Nationaltheater","https://www.staatsoper.de/stuecke/c-a-r-p-a-t-h-i-a-der-mythos-der-untoten/2027-01-28-1930-16199"
"2027-01-29T11:00:00+01:00","Apollon Foyers","Vorderhaus Nationaltheater","https://www.staatsoper.de/stuecke/apollon-foyers/2027-01-29-1100-16704"
"2027-01-30T19:00:00+01:00","Káťa Kabanová","Nationaltheater","https://www.staatsoper.de/stuecke/katja-kabanova/2027-01-30-1900-16200"
"2027-01-31T11:00:00+01:00","Einführungsmatinee DOCTOR ATOMIC","Nationaltheater","https://www.staatsoper.de/stuecke/einfuehrungsmatinee-1/2027-01-31-1100-16201"
"2027-01-31T11:00:00+01:00","Festkonzert – 20 Jahre Munich Opera Horns","Allerheiligen Hofkirche","https://www.staatsoper.de/stuecke/festkonzert-20-jahre-munich-opera-horns/2027-01-31-1100-16467"
"2027-01-31T18:00:00+01:00","IL BARBIERE DI SIVIGLIA","Nationaltheater","https://www.staatsoper.de/stuecke/il-barbiere-di-siviglia/2027-01-31-1800-16202"
"2027-02-02T19:00:00+01:00","Káťa Kabanová","Nationaltheater","https://www.staatsoper.de/stuecke/katja-kabanova/2027-02-02-1900-16203"
"2027-02-03T19:00:00+01:00","IL BARBIERE DI SIVIGLIA","Nationaltheater","https://www.staatsoper.de/stuecke/il-barbiere-di-siviglia/2027-02-03-1900-16204"
"2027-02-04T19:00:00+01:00","Doctor Atomic","Nationaltheater","https://www.staatsoper.de/stuecke/doctor-atomic/2027-02-04-1900-16205"
"2027-02-05T11:00:00+01:00","Apollon Foyers","Vorderhaus Nationaltheater","https://www.staatsoper.de/stuecke/apollon-foyers/2027-02-05-1100-16705"
"2027-02-05T19:00:00+01:00","IL BARBIERE DI SIVIGLIA","Nationaltheater","https://www.staatsoper.de/stuecke/il-barbiere-di-siviglia/2027-02-05-1900-16206"
"2027-02-06T19:30:00+01:00","WAVES AND CIRCLES","Nationaltheater","https://www.staatsoper.de/stuecke/waves-and-circles/2027-02-06-1930-16207"
"2027-02-07T16:15:00+01:00","Kindereinführung - Il barbiere di Siviglia","Königssaal im Nationaltheater","https://www.staatsoper.de/stuecke/kindereinfuehrung/2027-02-07-1615-16499"
"2027-02-07T17:00:00+01:00","IL BARBIERE DI SIVIGLIA","Nationaltheater","https://www.staatsoper.de/stuecke/il-barbiere-di-siviglia/2027-02-07-1700-16208"
"2027-02-08T19:00:00+01:00","Doctor Atomic","Nationaltheater","https://www.staatsoper.de/stuecke/doctor-atomic/2027-02-08-1900-16209"
"2027-02-09T19:30:00+01:00","WAVES AND CIRCLES","Nationaltheater","https://www.staatsoper.de/stuecke/waves-and-circles/2027-02-09-1930-16210"
"2027-02-10T19:00:00+01:00","Doctor Atomic","Nationaltheater","https://www.staatsoper.de/stuecke/doctor-atomic/2027-02-10-1900-16211"
"2027-02-11T19:00:00+01:00","Faust","Nationaltheater","https://www.staatsoper.de/stuecke/faust/2027-02-11-1900-16212"
"2027-02-12T11:00:00+01:00","Apollon Foyers","Vorderhaus Nationaltheater","https://www.staatsoper.de/stuecke/apollon-foyers/2027-02-12-1100-16706"
"2027-02-13T14:00:00+01:00","Kinderkonzert - Hänsel und Gretel","Parkettgarderobe, Nationaltheater","https://www.staatsoper.de/stuecke/kinderkonzert-haensel-und-gretel/2027-02-13-1400-16425"
"2027-02-13T19:00:00+01:00","Doctor Atomic","Nationaltheater","https://www.staatsoper.de/stuecke/doctor-atomic/2027-02-13-1900-16213"
"2027-02-14T18:00:00+01:00","Faust","Nationaltheater","https://www.staatsoper.de/stuecke/faust/2027-02-14-1800-16214"
"2027-02-15T19:00:00+01:00","Doctor Atomic","Nationaltheater","https://www.staatsoper.de/stuecke/doctor-atomic/2027-02-15-1900-16215"
"2027-02-16T17:45:00+01:00","Führung Bayerisches Staatsorchester","Tageskasse (Marstallplatz 5)","https://www.staatsoper.de/stuecke/fuehrung-bayerisches-staatsorchester/2027-02-16-1745-16636"
"2027-02-16T20:00:00+01:00","4. Akademiekonzert: Edward Gardner","Nationaltheater","https://www.staatsoper.de/stuecke/4-akademiekonzert-2026-27-edward-gardner/2027-02-16-2000-16216"
"2027-02-17T10:00:00+01:00","Kinderkonzert - Hänsel und Gretel","Parkettgarderobe, Nationaltheater","https://www.staatsoper.de/stuecke/kinderkonzert-haensel-und-gretel/2027-02-17-1000-16426"
"2027-02-17T11:30:00+01:00","Kinderkonzert - Hänsel und Gretel","Parkettgarderobe, Nationaltheater","https://www.staatsoper.de/stuecke/kinderkonzert-haensel-und-gretel/2027-02-17-1130-16427"
"2027-02-17T14:00:00+01:00","Ballettführung – Platzl spezial","Freunde-Foyer (Eingang Nord, Alfons-Goppel-Straße)","https://www.staatsoper.de/stuecke/ballett-fuehrung/2027-02-17-1400-16676"
"2027-02-17T19:00:00+01:00","4. Akademiekonzert: Edward Gardner","Nationaltheater","https://www.staatsoper.de/stuecke/4-akademiekonzert-2026-27-edward-gardner/2027-02-17-1900-16532"
"2027-02-18T11:00:00+01:00","Kinderkonzert - Hänsel und Gretel","Parkettgarderobe, Nationaltheater","https://www.staatsoper.de/stuecke/kinderkonzert-haensel-und-gretel/2027-02-18-1100-16428"
"2027-02-18T19:30:00+01:00","GISELLE","Nationaltheater","https://www.staatsoper.de/stuecke/giselle/2027-02-18-1930-16217"
"2027-02-19T11:00:00+01:00","Apollon Foyers","Vorderhaus Nationaltheater","https://www.staatsoper.de/stuecke/apollon-foyers/2027-02-19-1100-16707"
"2027-02-19T19:00:00+01:00","Faust","Nationaltheater","https://www.staatsoper.de/stuecke/faust/2027-02-19-1900-16218"
"2027-02-20T14:00:00+01:00","Kinderkonzert - Hänsel und Gretel","Parkettgarderobe, Nationaltheater","https://www.staatsoper.de/stuecke/kinderkonzert-haensel-und-gretel/2027-02-20-1400-16429"
"2027-02-20T19:30:00+01:00","GISELLE","Nationaltheater","https://www.staatsoper.de/stuecke/giselle/2027-02-20-1930-16219"
"2027-02-21T16:15:00+01:00","Kindereinführung - Giselle","Königssaal im Nationaltheater","https://www.staatsoper.de/stuecke/kindereinfuehrung/2027-02-21-1615-16500"
"2027-02-21T17:00:00+01:00","GISELLE","Nationaltheater","https://www.staatsoper.de/stuecke/giselle/2027-02-21-1700-16373"
"2027-02-22T19:00:00+01:00","DER FLIEGENDE HOLLÄNDER","Nationaltheater","https://www.staatsoper.de/stuecke/der-fliegende-hollaender/2027-02-22-1900-16220"
"2027-02-23T19:00:00+01:00","Faust","Nationaltheater","https://www.staatsoper.de/stuecke/faust/2027-02-23-1900-16221"
"2027-02-24T19:00:00+01:00","DER FLIEGENDE HOLLÄNDER","Nationaltheater","https://www.staatsoper.de/stuecke/der-fliegende-hollaender/2027-02-24-1930-16222"
"2027-02-26T11:00:00+01:00","Apollon Foyers","Vorderhaus Nationaltheater","https://www.staatsoper.de/stuecke/apollon-foyers/2027-02-26-1100-16708"
"2027-02-26T14:00:00+01:00","Workshop - Schauspiel (für Pädagog:innen)","Capriccio-Saal","https://www.staatsoper.de/stuecke/einfuehrungsworkshop/2027-02-26-1400-16387"
"2027-02-26T19:30:00+01:00","WAVES AND CIRCLES","Nationaltheater","https://www.staatsoper.de/stuecke/waves-and-circles/2027-02-26-1930-16223"
"2027-02-27T10:00:00+01:00","Workshop - Schauspiel (für Erwachsene)","Capriccio-Saal","https://www.staatsoper.de/stuecke/einfuehrungsworkshop/2027-02-27-1000-16388"
"2027-02-27T17:15:00+01:00","Kindereinführung - Der fliegende Holländer","Königssaal im Nationaltheater","https://www.staatsoper.de/stuecke/kindereinfuehrung/2027-02-27-1715-16501"
"2027-02-27T18:00:00+01:00","DER FLIEGENDE HOLLÄNDER","Nationaltheater","https://www.staatsoper.de/stuecke/der-fliegende-hollaender/2027-02-27-1800-16224"
"2027-02-28T11:00:00+01:00","4. Kammerkonzert: Götterfunken II","Allerheiligen Hofkirche","https://www.staatsoper.de/stuecke/4-kammerkonzert-2026-27-goetterfunken-ii/2027-02-28-1100-16225"
"2027-02-28T11:00:00+01:00","Einführungsmatinee MAZEPPA","Nationaltheater","https://www.staatsoper.de/stuecke/einfuehrungsmatinee-1/2027-02-28-1100-16226"
"2027-02-28T18:00:00+01:00","WAVES AND CIRCLES","Nationaltheater","https://www.staatsoper.de/stuecke/waves-and-circles/2027-02-28-1930-16227"
"2027-03-05T11:00:00+01:00","Apollon Foyers","Vorderhaus Nationaltheater","https://www.staatsoper.de/stuecke/apollon-foyers/2027-03-05-1100-16709"
"2027-03-05T19:30:00+01:00","DIE KAMELIENDAME","Nationaltheater","https://www.staatsoper.de/stuecke/die-kameliendame/2027-03-05-1930-16229"
"2027-03-06T19:30:00+01:00","DIE KAMELIENDAME","Nationaltheater","https://www.staatsoper.de/stuecke/die-kameliendame/2027-03-06-1930-16230"
"2027-03-07T14:00:00+01:00","Workshop - Tanz und Kraft","Ballett-Probenhaus Platzl 7","https://www.staatsoper.de/stuecke/einfuehrungsworkshop/2027-03-07-1400-16430"
"2027-03-07T16:00:00+01:00","DER ROSENKAVALIER","Nationaltheater","https://www.staatsoper.de/stuecke/der-rosenkavalier/2027-03-07-1600-16231"
"2027-03-09T19:30:00+01:00","DIE KAMELIENDAME","Nationaltheater","https://www.staatsoper.de/stuecke/die-kameliendame/2027-03-09-1930-16232"
"2027-03-10T17:00:00+01:00","DER ROSENKAVALIER","Nationaltheater","https://www.staatsoper.de/stuecke/der-rosenkavalier/2027-03-10-1700-16233"
"2027-03-12T11:00:00+01:00","Apollon Foyers","Vorderhaus Nationaltheater","https://www.staatsoper.de/stuecke/apollon-foyers/2027-03-12-1100-16710"
"2027-03-12T14:00:00+01:00","Workshop ""Singen und Bewegung"" (4-7-Jährige)","Große Probebühne","https://www.staatsoper.de/stuecke/einfuehrungsworkshop/2027-03-12-1400-16431"
"2027-03-12T16:00:00+01:00","Workshop ""Singen und Bewegung"" (7-10-Jährige)","Große Probebühne","https://www.staatsoper.de/stuecke/einfuehrungsworkshop/2027-03-12-1600-16432"
"2027-03-12T19:30:00+01:00","WAVES AND CIRCLES","Nationaltheater","https://www.staatsoper.de/stuecke/waves-and-circles/2027-03-12-1930-16234"
"2027-03-13T16:00:00+01:00","DER ROSENKAVALIER","Nationaltheater","https://www.staatsoper.de/stuecke/der-rosenkavalier/2027-03-13-1600-16235"
"2027-03-14T11:00:00+01:00","Spielzeitpräsentation","Nationaltheater","https://www.staatsoper.de/stuecke/spielzeitpraesentation/2027-03-14-1100-16712"
"2027-03-14T19:00:00+01:00","Rigoletto","Nationaltheater","https://www.staatsoper.de/stuecke/rigoletto/2027-03-14-1900-16236"
"2027-03-15T19:00:00+01:00","Mazeppa","Nationaltheater","https://www.staatsoper.de/stuecke/mazeppa/2027-03-15-1900-16237"
"2027-03-18T14:00:00+01:00","Ballettführung – Platzl spezial","Freunde-Foyer (Eingang Nord, Alfons-Goppel-Straße)","https://www.staatsoper.de/stuecke/ballett-fuehrung/2027-03-18-1400-16677"
"2027-03-18T19:00:00+01:00","Mazeppa","Nationaltheater","https://www.staatsoper.de/stuecke/mazeppa/2027-03-18-1900-16238"
"2027-03-18T19:00:00+01:00","Ballett extra: Ein Abend zu Pina Bauschs Tanzoper ""Orpheus und Eurydike""","Cranko-Saal","https://www.staatsoper.de/stuecke/ballett-extra/2027-03-18-1900-16555"
"2027-03-19T11:00:00+01:00","Apollon Foyers","Vorderhaus Nationaltheater","https://www.staatsoper.de/stuecke/apollon-foyers/2027-03-19-1100-16711"
"2027-03-19T19:00:00+01:00","Rigoletto","Nationaltheater","https://www.staatsoper.de/stuecke/rigoletto/2027-03-19-1900-16239"
"2027-03-19T19:00:00+01:00","Passionskonzert","Allerheiligen Hofkirche","https://www.staatsoper.de/stuecke/passionskonzert/2027-03-19-1900-16468"
"2027-03-20T10:00:00+01:00","Workshop - L’elisir d’amore","Capriccio-Saal","https://www.staatsoper.de/stuecke/einfuehrungsworkshop/2027-03-20-1000-16433"
"2027-03-20T19:30:00+01:00","WAVES AND CIRCLES","Nationaltheater","https://www.staatsoper.de/stuecke/waves-and-circles/2027-03-20-1930-16240"
"2027-03-21T11:00:00+01:00","FRÜHLINGS-MATINEE DER HEINZ-BOSL-STIFTUNG","Nationaltheater","https://www.staatsoper.de/stuecke/fruehlingsmatinee-der-heinz-bosl-stiftung/2027-03-21-1100-16241"
"2027-03-21T19:00:00+01:00","Mazeppa","Nationaltheater","https://www.staatsoper.de/stuecke/mazeppa/2027-03-21-1900-16242"
"2027-03-23T19:00:00+01:00","Rigoletto","Nationaltheater","https://www.staatsoper.de/stuecke/rigoletto/2027-03-23-1900-16243"
"2027-03-24T19:00:00+01:00","Mazeppa","Nationaltheater","https://www.staatsoper.de/stuecke/mazeppa/2027-03-24-1900-16244"
"2027-03-25T17:00:00+01:00","PARSIFAL","Nationaltheater","https://www.staatsoper.de/stuecke/parsifal/2027-03-25-1700-16245"
"2027-03-27T18:00:00+01:00","Mazeppa","Nationaltheater","https://www.staatsoper.de/stuecke/mazeppa/2027-03-27-1800-16246"
"2027-03-28T16:00:00+02:00","PARSIFAL","Nationaltheater","https://www.staatsoper.de/stuecke/parsifal/2027-03-28-1600-16247"
"2027-03-29T17:15:00+02:00","Kindereinführung - Waves and Circles","Königssaal im Nationaltheater","https://www.staatsoper.de/stuecke/kindereinfuehrung/2027-03-29-1715-16502"
"2027-03-29T18:00:00+02:00","WAVES AND CIRCLES","Nationaltheater","https://www.staatsoper.de/stuecke/waves-and-circles/2027-03-29-1800-16248"
"2027-03-31T19:00:00+02:00","Mazeppa","Nationaltheater","https://www.staatsoper.de/stuecke/mazeppa/2027-03-31-1900-16249"
"2027-04-02T11:00:00+02:00","Apollon Foyers","Vorderhaus Nationaltheater","https://www.staatsoper.de/stuecke/apollon-foyers/2027-04-02-1100-16713"
"2027-04-02T19:00:00+02:00","L’ELISIR D’AMORE","Nationaltheater","https://www.staatsoper.de/stuecke/lelisir-damore/2027-04-02-1900-16250"
"2027-04-03T16:00:00+02:00","PARSIFAL","Nationaltheater","https://www.staatsoper.de/stuecke/parsifal/2027-04-03-1600-16251"
"2027-04-04T14:00:00+02:00","Workshop - Yoga Dance","Ballett-Probenhaus Platzl 7","https://www.staatsoper.de/stuecke/einfuehrungsworkshop/2027-04-04-1400-16434"
"2027-04-04T16:15:00+02:00","Kindereinführung - L`elisir d`amore","Königssaal im Nationaltheater","https://www.staatsoper.de/stuecke/kindereinfuehrung/2027-04-04-1615-16503"
"2027-04-04T17:00:00+02:00","L’ELISIR D’AMORE","Nationaltheater","https://www.staatsoper.de/stuecke/lelisir-damore/2027-04-04-1700-16252"
"2027-04-06T19:00:00+02:00","L’ELISIR D’AMORE","Nationaltheater","https://www.staatsoper.de/stuecke/lelisir-damore/2027-04-06-1900-16253"
"2027-04-08T19:00:00+02:00","1. Themenkonzert","Brainlab Firmenzentrale","https://www.staatsoper.de/stuecke/1-themenkonzert-2026-27/2027-04-08-1900-16469"
"2027-04-09T11:00:00+02:00","Apollon Foyers","Vorderhaus Nationaltheater","https://www.staatsoper.de/stuecke/apollon-foyers/2027-04-09-1100-16714"
"2027-04-09T14:00:00+02:00","Workshop - Bühnenbild & Kostüm (für Pädagog:innen)","Capriccio-Saal","https://www.staatsoper.de/stuecke/einfuehrungsworkshop/2027-04-09-1400-16389"
"2027-04-09T19:30:00+02:00","Orpheus und Eurydike","Nationaltheater","https://www.staatsoper.de/stuecke/orpheus-und-eurydikevon-christoph-w-gluck-tanzoper-von-pina-bausch/2027-04-09-1930-16254"
"2027-04-10T10:00:00+02:00","Workshop - Bühnenbild & Kostüm (für Erwachsene)","Capriccio-Saal","https://www.staatsoper.de/stuecke/einfuehrungsworkshop/2027-04-10-1000-16435"
"2027-04-10T19:00:00+02:00","2. Themenkonzert","Brainlab Firmenzentrale","https://www.staatsoper.de/stuecke/2-themenkonzert-2026-27/2027-04-10-1900-16470"
"2027-04-10T19:30:00+02:00","Orpheus und Eurydike","Nationaltheater","https://www.staatsoper.de/stuecke/orpheus-und-eurydikevon-christoph-w-gluck-tanzoper-von-pina-bausch/2027-04-10-1930-16255"
"2027-04-11T11:00:00+02:00","FRÜHLINGS-MATINEE DER HEINZ-BOSL-STIFTUNG","Nationaltheater","https://www.staatsoper.de/stuecke/fruehlingsmatinee-der-heinz-bosl-stiftung/2027-04-11-1100-16375"
"2027-04-11T18:30:00+02:00","2. Familien-Kammerkonzert: Gute Musik ist kein Zufall","Cuvilliés-Theater","https://www.staatsoper.de/stuecke/familien-kammerkonzert-ii-gute-musik-ist-kein-zufall/2027-04-11-1830-16471"
"2027-04-11T19:00:00+02:00","3. Themenkonzert","Brainlab Firmenzentrale","https://www.staatsoper.de/stuecke/3-themenkonzert-2026-27/2027-04-11-1900-16257"
"2027-04-11T19:30:00+02:00","Orpheus und Eurydike","Nationaltheater","https://www.staatsoper.de/stuecke/orpheus-und-eurydikevon-christoph-w-gluck-tanzoper-von-pina-bausch/2027-04-11-1930-16258"
"2027-04-12T19:30:00+02:00","Orpheus und Eurydike","Nationaltheater","https://www.staatsoper.de/stuecke/orpheus-und-eurydikevon-christoph-w-gluck-tanzoper-von-pina-bausch/2027-04-12-1930-16259"
"2027-04-13T19:30:00+02:00","Orpheus und Eurydike","Nationaltheater","https://www.staatsoper.de/stuecke/orpheus-und-eurydikevon-christoph-w-gluck-tanzoper-von-pina-bausch/2027-04-13-1930-16260"
"2027-04-14T19:30:00+02:00","Orpheus und Eurydike","Nationaltheater","https://www.staatsoper.de/stuecke/orpheus-und-eurydikevon-christoph-w-gluck-tanzoper-von-pina-bausch/2027-04-14-1930-16261"
"2027-04-15T19:30:00+02:00","Orpheus und Eurydike","Nationaltheater","https://www.staatsoper.de/stuecke/orpheus-und-eurydikevon-christoph-w-gluck-tanzoper-von-pina-bausch/2027-04-15-1930-16262"
"2027-04-16T11:00:00+02:00","Apollon Foyers","Vorderhaus Nationaltheater","https://www.staatsoper.de/stuecke/apollon-foyers/2027-04-16-1100-16715"
"2027-04-16T19:30:00+02:00","Orpheus und Eurydike","Nationaltheater","https://www.staatsoper.de/stuecke/orpheus-und-eurydikevon-christoph-w-gluck-tanzoper-von-pina-bausch/2027-04-16-1930-16263"
"2027-04-16T19:30:00+02:00","Porträtkonzert","Künstlerhaus","https://www.staatsoper.de/stuecke/portraetkonzert-des-opernstudios/2027-04-16-1930-16264"
"2027-04-17T20:00:00+02:00","5. Akademiekonzert: Stéphane Denève","Nationaltheater","https://www.staatsoper.de/stuecke/5-akademiekonzert-2026-27-stephane-deneve/2027-04-17-2000-16265"
"2027-04-18T11:00:00+02:00","Festkonzert: 20 Jahre ATTACCA","Nationaltheater","https://www.staatsoper.de/stuecke/attacca-jubilaeumskonzert/2027-04-18-1100-16266"
"2027-04-18T16:45:00+02:00","Führung Bayerisches Staatsorchester","Tageskasse (Marstallplatz 5)","https://www.staatsoper.de/stuecke/fuehrung-bayerisches-staatsorchester/2027-04-18-1645-16637"
"2027-04-18T19:00:00+02:00","5. Akademiekonzert: Stéphane Denève","Nationaltheater","https://www.staatsoper.de/stuecke/5-akademiekonzert-2026-27-stephane-deneve/2027-04-18-1900-16267"
"2027-04-21T19:00:00+02:00","CARMEN","Nationaltheater","https://www.staatsoper.de/stuecke/carmen/2027-04-21-1900-16268"
"2027-04-22T14:00:00+02:00","Ballettführung – Platzl spezial","Freunde-Foyer (Eingang Nord, Alfons-Goppel-Straße)","https://www.staatsoper.de/stuecke/ballett-fuehrung/2027-04-22-1400-16678"
"2027-04-23T11:00:00+02:00","Apollon Foyers","Vorderhaus Nationaltheater","https://www.staatsoper.de/stuecke/apollon-foyers/2027-04-23-1100-16716"
"2027-04-23T14:00:00+02:00","Workshop - Die Entführung aus dem Serail","Capriccio-Saal","https://www.staatsoper.de/stuecke/einfuehrungsworkshop/2027-04-23-1400-16436"
"2027-04-23T19:30:00+02:00","WAVES AND CIRCLES","Nationaltheater","https://www.staatsoper.de/stuecke/waves-and-circles/2027-04-23-1930-16269"
"2027-04-24T19:00:00+02:00","CARMEN","Nationaltheater","https://www.staatsoper.de/stuecke/carmen/2027-04-24-1900-16270"
"2027-04-25T11:00:00+02:00","5. Kammerkonzert: Götterfunken III","Allerheiligen Hofkirche","https://www.staatsoper.de/stuecke/5-kammerkonzert-2026-27-goetterfunken-iii/2027-04-11-1100-16256"
"2027-04-25T14:00:00+02:00","Workshop - Cinderella","Ballett-Probenhaus Platzl 7","https://www.staatsoper.de/stuecke/einfuehrungsworkshop/2027-04-25-1400-16437"
"2027-04-25T14:00:00+02:00","Ballettführung – Platzl spezial","Freunde-Foyer (Eingang Nord, Alfons-Goppel-Straße)","https://www.staatsoper.de/stuecke/ballett-fuehrung/2027-04-25-1400-16679"
"2027-04-25T17:00:00+02:00","TANNHÄUSER","Nationaltheater","https://www.staatsoper.de/stuecke/tannhaeuser/2027-04-25-1700-16271"
"2027-04-25T19:00:00+02:00","Einführungssoiree LIBERTY","Cuvilliés-Theater","https://www.staatsoper.de/stuecke/einfuehrungsmatinee-1/2027-04-25-1900-16458"
"2027-04-26T19:00:00+02:00","UN:ERHÖRT - Kammerkonzert der Hermann-Levi-Akademie","Alte Pinakothek","https://www.staatsoper.de/stuecke/konzert-der-hermann-levi-akademie/2027-04-26-1900-16456"
"2027-04-26T19:30:00+02:00","WAVES AND CIRCLES","Nationaltheater","https://www.staatsoper.de/stuecke/waves-and-circles/2027-04-26-1930-16272"
"2027-04-28T19:00:00+02:00","CARMEN","Nationaltheater","https://www.staatsoper.de/stuecke/carmen/2027-04-28-1900-16273"
"2027-04-29T17:00:00+02:00","TANNHÄUSER","Nationaltheater","https://www.staatsoper.de/stuecke/tannhaeuser/2027-04-29-1700-16274"
"2027-04-30T11:00:00+02:00","Apollon Foyers","Vorderhaus Nationaltheater","https://www.staatsoper.de/stuecke/apollon-foyers/2027-04-30-1100-16717"
"2027-04-30T19:00:00+02:00","Liberty","Cuvilliés-Theater","https://www.staatsoper.de/stuecke/liberty/2027-04-30-1900-16275"
"2027-04-30T19:30:00+02:00","WAVES AND CIRCLES","Nationaltheater","https://www.staatsoper.de/stuecke/waves-and-circles/2027-04-30-1930-16276"
"2027-05-02T11:00:00+02:00","Einführungsmatinee KOMA","Volkstheater","https://www.staatsoper.de/stuecke/einfuehrungsmatinee-1/2027-05-02-1100-16562"
"2027-05-02T17:00:00+02:00","TANNHÄUSER","Nationaltheater","https://www.staatsoper.de/stuecke/tannhaeuser/2027-05-02-1700-16277"
"2027-05-02T20:00:00+02:00","Die Kreide im Mund des Wolfs","Brainlab Firmenzentrale","https://www.staatsoper.de/stuecke/die-kreide-im-mund-des-wolfs/2027-05-02-2000-16278"
"2027-05-03T19:00:00+02:00","Liberty","Cuvilliés-Theater","https://www.staatsoper.de/stuecke/liberty/2027-05-03-1900-16279"
"2027-05-05T19:00:00+02:00","Liberty","Cuvilliés-Theater","https://www.staatsoper.de/stuecke/liberty/2027-05-05-1900-16281"
"2027-05-05T19:30:00+02:00","Koma","Volkstheater","https://www.staatsoper.de/stuecke/koma/2027-05-05-2000-16282"
"2027-05-06T11:00:00+02:00","Einführungsmatinee WERTHER","Nationaltheater","https://www.staatsoper.de/stuecke/einfuehrungsmatinee-1/2027-05-06-1100-16283"
"2027-05-06T19:00:00+02:00","DIE ENTFÜHRUNG AUS DEM SERAIL","Nationaltheater","https://www.staatsoper.de/stuecke/die-entfuehrung-aus-dem-serail/2027-05-06-1900-16285"
"2027-05-06T19:30:00+02:00","Koma","Volkstheater","https://www.staatsoper.de/stuecke/koma/2027-05-06-1600-16284"
"2027-05-07T11:00:00+02:00","Apollon Foyers","Vorderhaus Nationaltheater","https://www.staatsoper.de/stuecke/apollon-foyers/2027-05-07-1100-16718"
"2027-05-07T14:00:00+02:00","Workshop - Oper für Einsteiger:innen","Capriccio-Saal","https://www.staatsoper.de/stuecke/einfuehrungsworkshop/2027-05-07-1400-16438"
"2027-05-07T19:00:00+02:00","Liberty","Cuvilliés-Theater","https://www.staatsoper.de/stuecke/liberty/2027-05-07-1900-16287"
"2027-05-07T19:30:00+02:00","ILLUSIONEN - WIE SCHWANENSEE","Nationaltheater","https://www.staatsoper.de/stuecke/illusionen-wie-schwanensee/2027-05-07-1930-16288"
"2027-05-08T17:15:00+02:00","Kindereinführung - Die Entführung aus dem Serail","Königssaal im Nationaltheater","https://www.staatsoper.de/stuecke/kindereinfuehrung/2027-05-08-1715-16504"
"2027-05-08T18:00:00+02:00","DIE ENTFÜHRUNG AUS DEM SERAIL","Nationaltheater","https://www.staatsoper.de/stuecke/die-entfuehrung-aus-dem-serail/2027-05-08-1800-16289"
"2027-05-08T19:00:00+02:00","Liberty","Cuvilliés-Theater","https://www.staatsoper.de/stuecke/liberty/2027-05-08-1900-16290"
"2027-05-08T19:30:00+02:00","Koma","Volkstheater","https://www.staatsoper.de/stuecke/koma/2027-05-08-2000-16291"
"2027-05-08T20:00:00+02:00","Die Kreide im Mund des Wolfs","Brainlab Firmenzentrale","https://www.staatsoper.de/stuecke/die-kreide-im-mund-des-wolfs/2027-05-08-2000-16534"
"2027-05-09T14:00:00+02:00","Workshop zu ILLUSIONEN WIE SCHWANENSEE","Ballett-Probenhaus Platzl 7","https://www.staatsoper.de/stuecke/einfuehrungsworkshop/2027-05-09-1400-16439"
"2027-05-09T16:00:00+02:00","Koma","Volkstheater","https://www.staatsoper.de/stuecke/koma/2027-05-09-2000-16293"
"2027-05-09T17:00:00+02:00","TANNHÄUSER","Nationaltheater","https://www.staatsoper.de/stuecke/tannhaeuser/2027-05-09-1700-16292"
"2027-05-09T20:00:00+02:00","Die Kreide im Mund des Wolfs","Brainlab Firmenzentrale","https://www.staatsoper.de/stuecke/die-kreide-im-mund-des-wolfs/2027-05-09-2000-16535"
"2027-05-11T19:00:00+02:00","DIE ENTFÜHRUNG AUS DEM SERAIL","Nationaltheater","https://www.staatsoper.de/stuecke/die-entfuehrung-aus-dem-serail/2027-05-11-1900-16294"
"2027-05-13T19:30:00+02:00","ILLUSIONEN - WIE SCHWANENSEE","Nationaltheater","https://www.staatsoper.de/stuecke/illusionen-wie-schwanensee/2027-05-13-1930-16296"
"2027-05-14T11:00:00+02:00","Apollon Foyers","Vorderhaus Nationaltheater","https://www.staatsoper.de/stuecke/apollon-foyers/2027-05-14-1100-16719"
"2027-05-14T14:00:00+02:00","Workshop ""Singen und Bewegung"" (4-7-Jährige)","Capriccio-Saal","https://www.staatsoper.de/stuecke/einfuehrungsworkshop/2027-05-14-1400-16440"
"2027-05-14T16:00:00+02:00","Workshop ""Singen und Bewegung"" (7-10-Jährige)","Capriccio-Saal","https://www.staatsoper.de/stuecke/einfuehrungsworkshop/2027-05-14-1600-16441"
"2027-05-14T19:30:00+02:00","Koma","Volkstheater","https://www.staatsoper.de/stuecke/koma/2027-05-12-2000-16295"
"2027-05-14T19:30:00+02:00","ILLUSIONEN - WIE SCHWANENSEE","Nationaltheater","https://www.staatsoper.de/stuecke/illusionen-wie-schwanensee/2027-05-14-1930-16298"
"2027-05-15T18:00:00+02:00","Werther","Nationaltheater","https://www.staatsoper.de/stuecke/werther/2027-05-15-1800-16299"
"2027-05-15T19:30:00+02:00","Koma","Volkstheater","https://www.staatsoper.de/stuecke/koma/2027-05-13-2000-16297"
"2027-05-16T17:15:00+02:00","Kindereinführung - Illusionen wie Schwanensee","Königssaal im Nationaltheater","https://www.staatsoper.de/stuecke/kindereinfuehrung/2027-05-16-1715-16505"
"2027-05-16T18:00:00+02:00","ILLUSIONEN - WIE SCHWANENSEE","Nationaltheater","https://www.staatsoper.de/stuecke/illusionen-wie-schwanensee/2027-05-16-1800-16300"
"2027-05-17T18:00:00+02:00","TOSCA","Nationaltheater","https://www.staatsoper.de/stuecke/tosca/2027-05-17-1800-16536"
"2027-05-18T19:00:00+02:00","Werther","Nationaltheater","https://www.staatsoper.de/stuecke/werther/2027-05-18-1900-16301"
"2027-05-18T19:00:00+02:00","Ballett extra: Ein Abend zu Christopher Wheeldons Ballett ""Cinderella""","Cranko-Saal","https://www.staatsoper.de/stuecke/ballett-extra/2027-05-18-1900-16556"
"2027-05-21T11:00:00+02:00","Apollon Foyers","Vorderhaus Nationaltheater","https://www.staatsoper.de/stuecke/apollon-foyers/2027-05-21-1100-16720"
"2027-05-21T19:00:00+02:00","TOSCA","Nationaltheater","https://www.staatsoper.de/stuecke/tosca/2027-05-21-1900-16537"
"2027-05-21T19:30:00+02:00","Porträtkonzert","Künstlerhaus","https://www.staatsoper.de/stuecke/portraetkonzert-des-opernstudios/2027-05-21-1930-16472"
"2027-05-22T18:00:00+02:00","Werther","Nationaltheater","https://www.staatsoper.de/stuecke/werther/2027-05-22-1800-16302"
"2027-05-23T18:00:00+02:00","TOSCA","Nationaltheater","https://www.staatsoper.de/stuecke/tosca/2027-05-23-1800-16538"
"2027-05-24T17:45:00+02:00","Führung Bayerisches Staatsorchester","Tageskasse (Marstallplatz 5)","https://www.staatsoper.de/stuecke/fuehrung-bayerisches-staatsorchester/2027-05-24-1745-16638"
"2027-05-24T20:00:00+02:00","6. Akademiekonzert: Vladimir Jurowski","Nationaltheater","https://www.staatsoper.de/stuecke/6-akademiekonzert-2026-27-vladimir-jurowski/2027-05-24-2000-16303"
"2027-05-25T19:00:00+02:00","6. Akademiekonzert: Vladimir Jurowski","Nationaltheater","https://www.staatsoper.de/stuecke/6-akademiekonzert-2026-27-vladimir-jurowski/2027-05-25-1900-16304"
"2027-05-26T19:00:00+02:00","Werther","Nationaltheater","https://www.staatsoper.de/stuecke/werther/2027-05-26-1900-16305"
"2027-05-27T18:00:00+02:00","TOSCA","Nationaltheater","https://www.staatsoper.de/stuecke/tosca/2027-05-27-1800-16539"
"2027-05-28T11:00:00+02:00","Apollon Foyers","Vorderhaus Nationaltheater","https://www.staatsoper.de/stuecke/apollon-foyers/2027-05-28-1100-16721"
"2027-05-29T18:00:00+02:00","Werther","Nationaltheater","https://www.staatsoper.de/stuecke/werther/2027-05-29-1800-16306"
"2027-05-30T14:00:00+02:00","Workshop - Cinderella","Ballett-Probenhaus Platzl 7","https://www.staatsoper.de/stuecke/einfuehrungsworkshop/2027-05-30-1400-16442"
"2027-05-30T17:15:00+02:00","Kindereinführung - Cinderella","Königssaal im Nationaltheater","https://www.staatsoper.de/stuecke/kindereinfuehrung/2027-05-30-1715-16506"
"2027-05-30T18:00:00+02:00","CINDERELLA","Nationaltheater","https://www.staatsoper.de/stuecke/cinderella/2027-05-30-1800-16307"
"2027-06-02T19:00:00+02:00","IDOMENEO","Nationaltheater","https://www.staatsoper.de/stuecke/idomeneo/2027-06-02-1900-16308"
"2027-06-03T19:00:00+02:00","MANON LESCAUT","Nationaltheater","https://www.staatsoper.de/stuecke/manon-lescaut/2027-06-03-1900-16309"
"2027-06-04T11:00:00+02:00","Apollon Foyers","Vorderhaus Nationaltheater","https://www.staatsoper.de/stuecke/apollon-foyers/2027-06-04-1100-16722"
"2027-06-04T14:00:00+02:00","Workshop - La Cenerentola","Capriccio-Saal","https://www.staatsoper.de/stuecke/einfuehrungsworkshop/2027-06-04-1400-16443"
"2027-06-04T19:30:00+02:00","CINDERELLA","Nationaltheater","https://www.staatsoper.de/stuecke/cinderella/2027-06-04-1930-16310"
"2027-06-05T19:00:00+02:00","IDOMENEO","Nationaltheater","https://www.staatsoper.de/stuecke/idomeneo/2027-06-05-1900-16311"
"2027-06-06T11:00:00+02:00","6. Kammerkonzert: Götterfunken IV","Allerheiligen Hofkirche","https://www.staatsoper.de/stuecke/6-kammerkonzert-2026-27-goetterfunken-iv/2027-06-06-1100-16312"
"2027-06-06T18:00:00+02:00","MANON LESCAUT","Nationaltheater","https://www.staatsoper.de/stuecke/manon-lescaut/2027-06-06-1800-16313"
"2027-06-07T19:30:00+02:00","CINDERELLA","Nationaltheater","https://www.staatsoper.de/stuecke/cinderella/2027-06-07-1930-16314"
"2027-06-08T19:00:00+02:00","IDOMENEO","Nationaltheater","https://www.staatsoper.de/stuecke/idomeneo/2027-06-08-1900-16315"
"2027-06-09T19:00:00+02:00","MANON LESCAUT","Nationaltheater","https://www.staatsoper.de/stuecke/manon-lescaut/2027-06-09-1900-16316"
"2027-06-11T11:00:00+02:00","Apollon Foyers","Vorderhaus Nationaltheater","https://www.staatsoper.de/stuecke/apollon-foyers/2027-06-11-1100-16723"
"2027-06-11T19:30:00+02:00","CINDERELLA","Nationaltheater","https://www.staatsoper.de/stuecke/cinderella/2027-06-11-1930-16317"
"2027-06-12T10:00:00+02:00","Workshop - La Cenerentola","Capriccio-Saal","https://www.staatsoper.de/stuecke/einfuehrungsworkshop/2027-06-12-1000-16444"
"2027-06-12T18:00:00+02:00","IDOMENEO","Nationaltheater","https://www.staatsoper.de/stuecke/idomeneo/2027-06-12-1800-16318"
"2027-06-13T11:00:00+02:00","Einführungsmatinee GÖTTERDÄMMERUNG","Nationaltheater","https://www.staatsoper.de/stuecke/einfuehrungsmatinee-1/2027-06-13-1100-16319"
"2027-06-13T17:15:00+02:00","Kindereinführung - La Cenerentola","Königssaal im Nationaltheater","https://www.staatsoper.de/stuecke/kindereinfuehrung/2027-06-13-1715-16507"
"2027-06-13T18:00:00+02:00","LA CENERENTOLA","Nationaltheater","https://www.staatsoper.de/stuecke/la-cenerentola/2027-06-13-1800-16320"
"2027-06-13T18:00:00+02:00","Porträtkonzert","Künstlerhaus","https://www.staatsoper.de/stuecke/portraetkonzert-des-opernstudios/2027-06-13-1800-16473"
"2027-06-17T19:30:00+02:00","CINDERELLA","Nationaltheater","https://www.staatsoper.de/stuecke/cinderella/2027-06-17-1930-16321"
"2027-06-18T11:00:00+02:00","Apollon Foyers","Vorderhaus Nationaltheater","https://www.staatsoper.de/stuecke/apollon-foyers/2027-06-18-1100-16724"
"2027-06-18T14:00:00+02:00","Workshop - Tanz (für Pädagog:innen)","Capriccio-Saal","https://www.staatsoper.de/stuecke/einfuehrungsworkshop/2027-06-18-1400-16390"
"2027-06-18T19:00:00+02:00","LA CENERENTOLA","Nationaltheater","https://www.staatsoper.de/stuecke/la-cenerentola/2027-06-18-1900-16322"
"2027-06-19T10:00:00+02:00","Workshop - Tanz (für Erwachsene)","Capriccio-Saal","https://www.staatsoper.de/stuecke/einfuehrungsworkshop/2027-06-19-1000-16391"
"2027-06-19T18:45:00+02:00","Kindereinführung - Cinderella","Königssaal im Nationaltheater","https://www.staatsoper.de/stuecke/kindereinfuehrung/2027-06-19-1845-16508"
"2027-06-19T19:30:00+02:00","CINDERELLA","Nationaltheater","https://www.staatsoper.de/stuecke/cinderella/2027-06-19-1930-16323"
"2027-06-20T10:00:00+02:00","Festspiel-Gottesdienst","St. Michael","https://www.staatsoper.de/stuecke/festspiel-gottesdienst/2027-06-20-1000-16474"
"2027-06-20T16:15:00+02:00","Kindereinführung - La Cenerentola","Königssaal im Nationaltheater","https://www.staatsoper.de/stuecke/kindereinfuehrung/2027-06-20-1615-16509"
"2027-06-20T17:00:00+02:00","LA CENERENTOLA","Nationaltheater","https://www.staatsoper.de/stuecke/la-cenerentola/2027-06-20-1800-16324"
"2027-06-22T19:30:00+02:00","Glanzlichter - Eine Ballettgala","Prinzregententheater","https://www.staatsoper.de/stuecke/glanzlichter-eine-ballettgala/2027-06-22-1930-16540"
"2027-06-23T19:30:00+02:00","Glanzlichter - Eine Ballettgala","Prinzregententheater","https://www.staatsoper.de/stuecke/glanzlichter-eine-ballettgala/2027-06-23-1930-16541"
"2027-06-24T10:00:00+02:00","Symposion zu den Figuren in Richard Wagners Ring des Nibelungen","Gartensaal Prinzregententheater","https://www.staatsoper.de/stuecke/symposion-zu-den-figuren-in-richard-wagners-ring-des-nibelungen/2027-06-24-1000-16557"
"2027-06-24T19:30:00+02:00","Glanzlichter - Eine Ballettgala","Prinzregententheater","https://www.staatsoper.de/stuecke/glanzlichter-eine-ballettgala/2027-06-24-1930-16542"
"2027-06-25T10:00:00+02:00","Symposion zu den Figuren in Richard Wagners Ring des Nibelungen","Gartensaal Prinzregententheater","https://www.staatsoper.de/stuecke/symposion-zu-den-figuren-in-richard-wagners-ring-des-nibelungen/2027-06-25-1000-16558"
"2027-06-25T11:00:00+02:00","Apollon Foyers","Vorderhaus Nationaltheater","https://www.staatsoper.de/stuecke/apollon-foyers/2027-06-25-1100-16725"
"2027-06-26T10:00:00+02:00","Symposion zu den Figuren in Richard Wagners Ring des Nibelungen","Gartensaal Prinzregententheater","https://www.staatsoper.de/stuecke/symposion-zu-den-figuren-in-richard-wagners-ring-des-nibelungen/2027-06-26-1000-16559"
"2027-06-27T14:00:00+02:00","Workshop - Improvisation und Tanz","Ballett-Probenhaus Platzl 7","https://www.staatsoper.de/stuecke/einfuehrungsworkshop/2027-06-27-1400-16445"
"2027-06-27T16:00:00+02:00","Götterdämmerung","Nationaltheater","https://www.staatsoper.de/stuecke/goetterdaemmerung/2027-06-27-1600-16325"
"2027-06-28T14:00:00+02:00","Ballettführung – Platzl spezial","Freunde-Foyer (Eingang Nord, Alfons-Goppel-Straße)","https://www.staatsoper.de/stuecke/ballett-fuehrung/2027-06-28-1400-16680"
"2027-06-28T19:00:00+02:00","MACBETH","Nationaltheater","https://www.staatsoper.de/stuecke/macbeth/2027-06-28-1900-16326"
"2027-06-28T20:00:00+02:00","1. Festspiel-Barockkonzert: Begegnung mit dem „Schwedischen Händel“","Cuvilliés-Theater","https://www.staatsoper.de/stuecke/1-festspiel-barockkonzert-begegnungen-mit-dem-schwedischen-haendel/2027-06-28-2000-16371"
"2027-06-29T19:00:00+02:00","Werther","Nationaltheater","https://www.staatsoper.de/stuecke/werther/2027-06-29-1900-16327"
"2027-06-29T20:00:00+02:00","1. Festspiel-Kammerkonzert: Götterfunken V","Cuvilliés-Theater","https://www.staatsoper.de/stuecke/1-festspiel-kammerkonzert-2026-27-goetterfunken-v/2027-06-29-2000-16328"
"2027-06-30T19:30:00+02:00","DIE KAMELIENDAME","Nationaltheater","https://www.staatsoper.de/stuecke/die-kameliendame/2027-06-30-1930-16329"
"2027-06-30T20:00:00+02:00","Festspiel-Liederabend: Natalie Lewis","Cuvilliés-Theater","https://www.staatsoper.de/stuecke/festspiel-liederabend-natalie-lewis/2027-06-30-2000-16475"
"2027-07-01T16:00:00+02:00","Götterdämmerung","Nationaltheater","https://www.staatsoper.de/stuecke/goetterdaemmerung/2027-07-01-1600-16330"
"2027-07-02T11:00:00+02:00","Apollon Foyers","Vorderhaus Nationaltheater","https://www.staatsoper.de/stuecke/apollon-foyers/2027-07-02-1100-16726"
"2027-07-02T19:00:00+02:00","MACBETH","Nationaltheater","https://www.staatsoper.de/stuecke/macbeth/2027-07-02-1900-16331"
"2027-07-03T19:00:00+02:00","PIQUE DAME","Nationaltheater","https://www.staatsoper.de/stuecke/pique-dame/2027-07-03-1900-16332"
"2027-07-03T20:00:00+02:00","2. Festspiel-Kammerkonzert: Götterfunken VI","Cuvilliés-Theater","https://www.staatsoper.de/stuecke/2-festspiel-kammerkonzert-2026-27-goetterfunken-vi/2027-07-03-2000-16333"
"2027-07-04T16:00:00+02:00","Götterdämmerung","Nationaltheater","https://www.staatsoper.de/stuecke/goetterdaemmerung/2027-07-04-1600-16334"
"2027-07-05T19:00:00+02:00","Doctor Atomic","Nationaltheater","https://www.staatsoper.de/stuecke/doctor-atomic/2027-07-05-1900-16335"
"2027-07-06T19:00:00+02:00","PIQUE DAME","Nationaltheater","https://www.staatsoper.de/stuecke/pique-dame/2027-07-06-1900-16336"
"2027-07-07T19:00:00+02:00","Maria Stuarda","Nationaltheater","https://www.staatsoper.de/stuecke/maria-stuarda/2027-07-07-1900-16337"
"2027-07-07T20:00:00+02:00","Festspiel-Liederabend: Konstantin Krimmel","Prinzregententheater","https://www.staatsoper.de/stuecke/festspiel-liederabend-26-27-konstantin-krimmel/2027-07-07-2000-16374"
"2027-07-08T19:00:00+02:00","Doctor Atomic","Nationaltheater","https://www.staatsoper.de/stuecke/doctor-atomic/2027-07-08-1900-16338"
"2027-07-09T11:00:00+02:00","Apollon Foyers","Vorderhaus Nationaltheater","https://www.staatsoper.de/stuecke/apollon-foyers/2027-07-09-1100-16727"
"2027-07-09T14:00:00+02:00","Ballettführung – Platzl spezial","Freunde-Foyer (Eingang Nord, Alfons-Goppel-Straße)","https://www.staatsoper.de/stuecke/ballett-fuehrung/2027-07-09-1400-16681"
"2027-07-09T19:00:00+02:00","CARMEN","Nationaltheater","https://www.staatsoper.de/stuecke/carmen/2027-07-09-1900-16339"
"2027-07-09T20:00:00+02:00","3. Festspiel-Kammerkonzert: Götterfunken VII","Cuvilliés-Theater","https://www.staatsoper.de/stuecke/3-festspiel-kammerkonzert-2026-27-goetterfunken-vii/2027-07-09-2000-16340"
"2027-07-10T19:00:00+02:00","Maria Stuarda","Nationaltheater","https://www.staatsoper.de/stuecke/maria-stuarda/2027-07-10-1900-16341"
"2027-07-11T11:00:00+02:00","Einführungsmatinee DEATH IN VENICE","Prinzregententheater","https://www.staatsoper.de/stuecke/einfuehrungsmatinee-1/2027-07-11-1100-16342"
"2027-07-11T18:00:00+02:00","DIE KAMELIENDAME","Nationaltheater","https://www.staatsoper.de/stuecke/die-kameliendame/2027-07-11-1800-16343"
"2027-07-11T20:00:00+02:00","1. Festspiel-Nachtkonzert: 30 Jahre OperaBrass - Mehr Blech geht nicht!","Prinzregententheater","https://www.staatsoper.de/stuecke/nachtkonzert-4/2027-07-11-2000-16476"
"2027-07-12T19:00:00+02:00","CARMEN","Nationaltheater","https://www.staatsoper.de/stuecke/carmen/2027-07-12-1900-16344"
"2027-07-12T20:00:00+02:00","2. Festspiel-Barockkonzert: Galant – Empfindsam – Feurig","Alte Pinakothek","https://www.staatsoper.de/stuecke/2-festspiel-barockkonzert-galant-empfindsam-feurig/2027-07-12-2000-16372"
"2027-07-13T19:30:00+02:00","C A R P A T H I A","Nationaltheater","https://www.staatsoper.de/stuecke/c-a-r-p-a-t-h-i-a-der-mythos-der-untoten/2027-07-13-1930-16345"
"2027-07-14T20:00:00+02:00","Festspiel-Liederabend: Diana Damrau","Nationaltheater","https://www.staatsoper.de/stuecke/festspiel-liederabend-26-27-diana-damrau/2027-07-14-2000-16346"
"2027-07-15T20:00:00+02:00","Festspiel-Liederabend: Lisette Oropesa","Prinzregententheater","https://www.staatsoper.de/stuecke/festspiel-liederabend-26-27-lisette-oropesa/2027-07-15-2000-16347"
"2027-07-16T11:00:00+02:00","Apollon Foyers","Vorderhaus Nationaltheater","https://www.staatsoper.de/stuecke/apollon-foyers/2027-07-16-1100-16728"
"2027-07-16T18:00:00+02:00","Death in Venice","Prinzregententheater","https://www.staatsoper.de/stuecke/death-in-venice/2027-07-16-1800-16376"
"2027-07-16T19:30:00+02:00","C A R P A T H I A","Nationaltheater","https://www.staatsoper.de/stuecke/c-a-r-p-a-t-h-i-a-der-mythos-der-untoten/2027-07-16-1930-16348"
"2027-07-17T20:00:00+02:00","Das Rheingold","Nationaltheater","https://www.staatsoper.de/stuecke/das-rheingold/2027-07-17-1900-16349"
"2027-07-18T16:00:00+02:00","Die Walküre","Nationaltheater","https://www.staatsoper.de/stuecke/die-walkuere/2027-07-18-1600-16351"
"2027-07-18T20:00:00+02:00","2. Festspiel-Nachtkonzert: Lateinamerikanisches Tagebuch","Prinzregententheater","https://www.staatsoper.de/stuecke/nachtkonzert-4/2027-07-18-2000-16477"
"2027-07-19T19:00:00+02:00","Death in Venice","Prinzregententheater","https://www.staatsoper.de/stuecke/death-in-venice/2027-07-19-1900-16377"
"2027-07-19T20:00:00+02:00","Festspiel-Liederabend: Jonas Kaufmann","Nationaltheater","https://www.staatsoper.de/stuecke/festspiel-liederabend-jonas-kaufmann-5/2027-07-19-2000-16352"
"2027-07-20T19:30:00+02:00","Festspiel-Arienabend des Opernstudios 2027","Cuvilliés-Theater","https://www.staatsoper.de/stuecke/festspiel-arienabend-des-opernstudios-2027/2027-07-20-2000-16353"
"2027-07-20T20:00:00+02:00","Festspiel-Liederabend Christian Gerhaher","Prinzregententheater","https://www.staatsoper.de/stuecke/festspiel-liederabend-christian-gerhaher-6/2027-07-20-2000-16683"
"2027-07-21T19:00:00+02:00","Rigoletto","Nationaltheater","https://www.staatsoper.de/stuecke/rigoletto/2027-07-21-1900-16354"
"2027-07-21T20:00:00+02:00","4. Festspiel-Kammerkonzert: Götterfunken VIII","Cuvilliés-Theater","https://www.staatsoper.de/stuecke/4-festspiel-kammerkonzert-2026-27-goetterfunken-viii/2027-07-21-2000-16355"
"2027-07-22T16:00:00+02:00","Siegfried","Nationaltheater","https://www.staatsoper.de/stuecke/siegfried/2027-07-22-1600-16356"
"2027-07-23T11:00:00+02:00","Apollon Foyers","Vorderhaus Nationaltheater","https://www.staatsoper.de/stuecke/apollon-foyers/2027-07-23-1100-16729"
"2027-07-23T19:00:00+02:00","Death in Venice","Prinzregententheater","https://www.staatsoper.de/stuecke/death-in-venice/2027-07-23-1900-16378"
"2027-07-23T20:00:00+02:00","Festspiel-Liederabend Anna Netrebko","Nationaltheater","https://www.staatsoper.de/stuecke/festspiel-liederabend-netrebko/2027-07-23-2000-16357"
"2027-07-23T20:00:00+02:00","Festspielkonzert der Hermann-Levi-Akademie","Cuvilliés-Theater","https://www.staatsoper.de/stuecke/festspielkonzert-der-hermann-levi-akademie-1/2027-07-23-2000-16478"
"2027-07-24T16:00:00+02:00","Götterdämmerung","Nationaltheater","https://www.staatsoper.de/stuecke/goetterdaemmerung/2027-07-24-1600-16358"
"2027-07-25T18:00:00+02:00","Death in Venice","Prinzregententheater","https://www.staatsoper.de/stuecke/death-in-venice/2027-07-25-1800-16379"
"2027-07-25T19:00:00+02:00","Rigoletto","Nationaltheater","https://www.staatsoper.de/stuecke/rigoletto/2027-07-25-1900-16359"
"2027-07-26T19:00:00+02:00","Das Rheingold","Nationaltheater","https://www.staatsoper.de/stuecke/das-rheingold/2027-07-26-1900-16360"
"2027-07-27T17:00:00+02:00","Die Walküre","Nationaltheater","https://www.staatsoper.de/stuecke/die-walkuere/2027-07-27-1700-16361"
"2027-07-28T19:00:00+02:00","MADAMA BUTTERFLY","Nationaltheater","https://www.staatsoper.de/stuecke/madama-butterfly/2027-07-28-1900-16362"
"2027-07-28T19:00:00+02:00","Death in Venice","Prinzregententheater","https://www.staatsoper.de/stuecke/death-in-venice/2027-07-28-1900-16380"
"2027-07-29T16:00:00+02:00","Siegfried","Nationaltheater","https://www.staatsoper.de/stuecke/siegfried/2027-07-29-1600-16363"
"2027-07-29T19:00:00+02:00","ATTACCA-Festspielkonzert","Prinzregententheater","https://www.staatsoper.de/stuecke/attacca-konzert/2027-07-29-1900-16364"
"2027-07-30T11:00:00+02:00","Apollon Foyers","Vorderhaus Nationaltheater","https://www.staatsoper.de/stuecke/apollon-foyers/2027-07-30-1100-16730"
"2027-07-30T19:00:00+02:00","MADAMA BUTTERFLY","Nationaltheater","https://www.staatsoper.de/stuecke/madama-butterfly/2027-07-30-1900-16365"
"2027-07-30T20:00:00+02:00","5. Festspiel-Kammerkonzert: Götterfunken IX","Cuvilliés-Theater","https://www.staatsoper.de/stuecke/5-festspiel-kammerkonzert-2026-27-goetterfunken-ix/2027-07-30-2000-16366"
"2027-07-31T16:00:00+02:00","Götterdämmerung","Nationaltheater","https://www.staatsoper.de/stuecke/goetterdaemmerung/2027-07-31-1600-16367"
